{
  "posts": [
    {
      "id": 1,
      "title": "json-server",
      "author": "typicode"
    }
  ],
  "comments": [
    {
      "id": 1,
      "body": "some comment",
      "postId": 1
    }
  ],
  "profile": {
    "name": "typicode"
  },
  "employees": [
    {
      "firstName": "parth",
      "lastName": "patel",
      "email": "parth.patel@quest-global.com",
      "dob": "2023-06-12T18:30:00.000Z",
      "gender": "male",
      "education": "Diploma",
      "company": "Quest Globle",
      "experiance": 5,
      "pacakage": 550,
      "id": 1
    },
    {
      "firstName": "dsa",
      "lastName": "dsasad",
      "email": "dss",
      "dob": "2023-06-06T18:30:00.000Z",
      "gender": "male",
      "education": "Diploma",
      "company": "sdsd",
      "experiance": 21,
      "pacakage": 320023,
      "id": 2
    }
  ]
}